{"test_accuracy":0.1,"_wandb":{"runtime":130},"_runtime":130.7653534,"_step":10,"epoch":9,"train_loss":2.302886570567385,"val_accuracy":0.101,"_timestamp":1.7420574290594134e+09}