{"test_accuracy":0.8619,"_wandb":{"runtime":597},"epoch":9,"train_loss":0.40298451020204024,"val_accuracy":0.8675,"_timestamp":1.741619002502937e+09,"_runtime":597.6602828,"_step":10}