{"val_accuracy":0.0938,"_timestamp":1.741633885856711e+09,"_runtime":39.4177517,"_step":5,"test_accuracy":0.1,"_wandb":{"runtime":39},"epoch":4,"train_loss":2.302634498729187}