{"epoch":9,"train_loss":0.47428748590643605,"val_accuracy":0.8343,"_timestamp":1.7420592278774307e+09,"_runtime":50.034835,"_step":10,"test_accuracy":0.8273,"_wandb":{"runtime":50}}