{"_step":10,"epoch":9,"test_accuracy":0.1,"_wandb":{"runtime":56},"train_loss":2.302603132660932,"val_accuracy":0.0975,"_timestamp":1.7420550224359493e+09,"_runtime":56.4215712}