{"_wandb":{"runtime":16},"val_accuracy":0.8534,"_timestamp":1.7416309832461143e+09,"_runtime":16.3932097,"_step":1,"epoch":0,"train_loss":0.738195564398548,"test_accuracy":0.8454}