{"test_accuracy":0.1503,"_wandb":{"runtime":13},"train_loss":214.10933549160094,"val_accuracy":0.1425,"_timestamp":1.7420590850691123e+09,"_runtime":13.0654529,"_step":5,"epoch":4}