{"_runtime":150.9708193,"_step":10,"test_accuracy":0.8487,"_wandb":{"runtime":151},"epoch":9,"train_loss":0.3381298357293254,"val_accuracy":0.8554,"_timestamp":1.7420538369224749e+09}