{"_wandb":{"runtime":20},"_timestamp":1.7420602329303617e+09,"_runtime":20.5929058,"_step":10,"epoch":9,"train_loss":2.31802973974096,"val_accuracy":0.0949,"test_accuracy":0.1}