{"unique_labels_plot":{"width":400,"height":200,"_type":"image-file","sha256":"fa05a78e7e3a27ff8b7b097969cb762a26dac1687659b1fa2acea821b0441d92","size":30384,"path":"media/images/unique_labels_plot_51_fa05a78e7e3a27ff8b7b.png","format":"png"},"epoch":49,"val_accuracy":0.8448,"_runtime":215.5186016,"_timestamp":1.7409384529218013e+09,"_step":51,"train_loss":0.4338504864992579,"_wandb":{"runtime":216},"test_accuracy":0.8348}