{"val_accuracy":0.1013,"_timestamp":1.7420495010788991e+09,"_runtime":43.5466229,"test_accuracy":0.1,"_wandb":{"runtime":43},"_step":10,"epoch":9,"train_loss":0.9000018979932205}