{"test_accuracy":0.1684,"_wandb":{"runtime":133},"val_accuracy":0.1673,"_timestamp":1.7420607741107254e+09,"_runtime":133.8901411,"_step":10,"epoch":9,"train_loss":1.6723719856783037}