{"train_loss":16.391219168871718,"val_accuracy":0.5891,"test_accuracy":0.5945,"_wandb":{"runtime":21},"_timestamp":1.7420504874258487e+09,"_runtime":21.0679829,"_step":5,"epoch":4}