{"val_accuracy":0.7915,"_timestamp":1.7409231727172654e+09,"_runtime":90.5816582,"_step":21,"unique_labels_plot":{"width":400,"height":200,"_type":"image-file","sha256":"fa05a78e7e3a27ff8b7b097969cb762a26dac1687659b1fa2acea821b0441d92","size":30384,"path":"media/images/unique_labels_plot_21_fa05a78e7e3a27ff8b7b.png","format":"png"},"_wandb":{"runtime":91},"epoch":20,"train_loss":0.5964208045599527}