{"_wandb":{"runtime":94},"val_accuracy":0.0949,"_timestamp":1.7420624808900423e+09,"_runtime":94.339739,"_step":10,"epoch":9,"train_loss":2.3026908951827165,"test_accuracy":0.1}