{"_timestamp":1.7420630978509166e+09,"_runtime":27.9797853,"_step":5,"epoch":4,"train_loss":2.3026679180599894,"val_accuracy":0.099,"test_accuracy":0.1,"_wandb":{"runtime":28}}