{"val_accuracy":0.0975,"_timestamp":1.742052034974595e+09,"_runtime":24.6608984,"_step":5,"epoch":4,"train_loss":2.3053113991544882,"test_accuracy":0.1,"_wandb":{"runtime":24}}