{"epoch":9,"train_loss":1.077725782631826,"test_accuracy":0.6617,"_wandb":{"runtime":106},"val_accuracy":0.6621,"_timestamp":1.7420603791893222e+09,"_runtime":106.465136,"_step":10}