{"val_accuracy":0.0949,"_timestamp":1.7420509859605742e+09,"_runtime":17.7276533,"_step":5,"test_accuracy":0.1,"_wandb":{"runtime":17},"epoch":4,"train_loss":2.779918549590566}