{"epoch":4,"test_accuracy":0.1322,"_wandb":{"runtime":55},"train_loss":8300.282073590814,"val_accuracy":0.1343,"_timestamp":1.742051889292813e+09,"_runtime":55.4793231,"_step":5}