{"_runtime":35.2894105,"_step":5,"epoch":4,"train_loss":35.28703151475244,"test_accuracy":0.0808,"_wandb":{"runtime":35},"val_accuracy":0.0798,"_timestamp":1.7420521724441488e+09}