{"_step":5,"test_accuracy":0.8331,"_wandb":{"runtime":34},"epoch":4,"train_loss":0.23821633317709456,"val_accuracy":0.8458,"_timestamp":1.7420522773733492e+09,"_runtime":33.9333331}