{"train_loss":2.304003882063003,"val_accuracy":0.099,"_timestamp":1.7420547299768293e+09,"_runtime":34.0969151,"_step":5,"epoch":4,"test_accuracy":0.1,"_wandb":{"runtime":34}}