{"test_accuracy":0.106,"_wandb":{"runtime":72},"val_accuracy":0.1059,"_timestamp":1.742052406503569e+09,"_runtime":72.6215227,"_step":10,"epoch":9,"train_loss":1.0628517340127215}