{"_runtime":77.0234539,"val_accuracy":0.7567,"test_accuracy":0.7781,"unique_labels_plot":{"format":"png","width":400,"height":200,"_type":"image-file","sha256":"fa05a78e7e3a27ff8b7b097969cb762a26dac1687659b1fa2acea821b0441d92","size":30384,"path":"media/images/unique_labels_plot_17_fa05a78e7e3a27ff8b7b.png"},"train_loss":0.7575237205581125,"_wandb":{"runtime":77},"epoch":4,"_step":17,"_timestamp":1.7409230293713818e+09}