{"_wandb":{"runtime":35},"_step":5,"epoch":4,"train_loss":1265.6822858669022,"val_accuracy":0.0949,"_timestamp":1.742057472426599e+09,"_runtime":35.4391462,"test_accuracy":0.1}