{"val_accuracy":0.287,"test_accuracy":0.2757,"_wandb":{"runtime":106},"_timestamp":1.7420510976154156e+09,"_runtime":106.327408,"_step":10,"epoch":9,"train_loss":34.30726217262439}