{"_runtime":48.3649665,"_step":5,"test_accuracy":0.1,"_wandb":{"runtime":48},"epoch":4,"train_loss":0.9000654618754925,"val_accuracy":0.099,"_timestamp":1.7420579305795188e+09}