{"test_accuracy":0.1734,"_wandb":{"runtime":20},"val_accuracy":0.173,"_timestamp":1.7420606016863704e+09,"_runtime":20.7372338,"_step":5,"epoch":4,"train_loss":2.4170362344869245}