{"epoch":9,"train_loss":0.22556863457258966,"val_accuracy":0.87,"test_accuracy":0.8629,"_wandb":{"runtime":84},"_timestamp":1.7420575634440658e+09,"_runtime":84.2169883,"_step":10}