{"test_accuracy":0.8695,"_wandb":{"runtime":136},"epoch":9,"train_loss":0.145764615089831,"val_accuracy":0.8785,"_timestamp":1.7420480262325535e+09,"_runtime":136.5998249,"_step":10}