{"_wandb":{"runtime":22},"epoch":9,"train_loss":2.3026410578634766,"val_accuracy":0.0949,"_timestamp":1.742058374669532e+09,"_runtime":22.4635603,"_step":10,"test_accuracy":0.1}