{"test_accuracy":0.7902,"_wandb":{"runtime":72},"val_accuracy":0.8004,"_timestamp":1.7420499435126295e+09,"_runtime":72.6388924,"_step":5,"epoch":4,"train_loss":0.7411613416001527}