{"_runtime":58.3568819,"_step":10,"epoch":9,"train_loss":2.8402834693278503,"val_accuracy":0.6273,"test_accuracy":0.6295,"_wandb":{"runtime":58},"_timestamp":1.7420540040390656e+09}