{"_step":10,"test_accuracy":0.8631,"_wandb":{"runtime":43},"epoch":9,"train_loss":0.2898007287958769,"val_accuracy":0.8698,"_timestamp":1.7420597816495278e+09,"_runtime":43.7457799}