{"_runtime":25.7027464,"test_accuracy":0.2068,"_wandb":{"runtime":25},"_step":5,"epoch":4,"train_loss":14.574650986630461,"val_accuracy":0.2024,"_timestamp":1.7420602659481604e+09}