{"train_loss":18.295616523649,"val_accuracy":0.5201,"test_accuracy":0.5168,"_wandb":{"runtime":16},"_timestamp":1.7420633826866624e+09,"_runtime":16.468364,"_step":5,"epoch":4}