{"test_accuracy":0.1,"_wandb":{"runtime":30},"epoch":9,"train_loss":2.30261963347509,"val_accuracy":0.0949,"_timestamp":1.7420500175759118e+09,"_runtime":30.4818855,"_step":10}