{"epoch":4,"train_loss":0.8354485127823502,"val_accuracy":0.6751,"_timestamp":1.7420522041861858e+09,"_runtime":24.222644,"test_accuracy":0.6694,"_wandb":{"runtime":24},"_step":5}