{"train_loss":2.302835988031992,"test_accuracy":0.4893,"_wandb":{"runtime":2028},"val_accuracy":0.1014,"_step":394,"unique_labels_plot":{"sha256":"fa05a78e7e3a27ff8b7b097969cb762a26dac1687659b1fa2acea821b0441d92","size":30384,"path":"media/images/unique_labels_plot_394_fa05a78e7e3a27ff8b7b.png","format":"png","width":400,"height":200,"_type":"image-file"},"_timestamp":1.7409226096178548e+09,"epoch":49,"_runtime":2027.5264598}