{"test_accuracy":0.8324,"_runtime":241.5647586,"train_loss":0.43662907132629025,"_timestamp":1.74092495292047e+09,"_step":51,"_wandb":{"runtime":242},"epoch":49,"val_accuracy":0.8418,"unique_labels_plot":{"size":30384,"path":"media/images/unique_labels_plot_51_fa05a78e7e3a27ff8b7b.png","format":"png","width":400,"height":200,"_type":"image-file","sha256":"fa05a78e7e3a27ff8b7b097969cb762a26dac1687659b1fa2acea821b0441d92"}}