{"epoch":4,"train_loss":0.5277887946051867,"val_accuracy":0.6908,"test_accuracy":0.6882,"_wandb":{"runtime":36},"_timestamp":1.7420556319196968e+09,"_runtime":36.3744375,"_step":5}