{"test_accuracy":0.8615,"_wandb":{"runtime":61},"_runtime":61.4063642,"_step":10,"epoch":9,"train_loss":0.17703442380605894,"val_accuracy":0.8663,"_timestamp":1.7420508016011167e+09}