{"val_accuracy":0.8624,"_timestamp":1.742055589648631e+09,"test_accuracy":0.8584,"_wandb":{"runtime":89},"_runtime":89.4967908,"_step":5,"epoch":4,"train_loss":0.31581054191819513}