{"_step":5,"epoch":4,"train_loss":2.4420714451217966,"val_accuracy":0.0949,"test_accuracy":0.1,"_wandb":{"runtime":40},"_timestamp":1.7420503984903455e+09,"_runtime":40.2546262}