{"_step":10,"test_accuracy":0.1,"_wandb":{"runtime":123},"epoch":9,"train_loss":0.9018879525499496,"val_accuracy":0.1024,"_timestamp":1.7420567560084069e+09,"_runtime":123.519253}