{"epoch":9,"test_accuracy":0.1,"_wandb":{"runtime":39},"train_loss":2.302626629010394,"val_accuracy":0.0975,"_timestamp":1.742055900470182e+09,"_runtime":39.5479424,"_step":10}