{"_timestamp":1.7420619359380095e+09,"_runtime":48.1372442,"_step":5,"epoch":4,"train_loss":0.9006419045135037,"val_accuracy":0.099,"test_accuracy":0.1,"_wandb":{"runtime":48}}