{"epoch":4,"train_loss":4.3336888945722665,"test_accuracy":0.1,"_wandb":{"runtime":18},"val_accuracy":0.0949,"_timestamp":1.7420616570552804e+09,"_runtime":18.1058813,"_step":5}