{"_runtime":21.6354826,"_step":5,"epoch":4,"test_accuracy":0.1925,"_wandb":{"runtime":21},"train_loss":0.8868122265469995,"val_accuracy":0.1949,"_timestamp":1.7420506694805498e+09}