{"train_loss":0.9000960885060614,"val_accuracy":0.099,"_timestamp":1.7420489884945958e+09,"test_accuracy":0.1,"_wandb":{"runtime":45},"_runtime":45.7863937,"_step":5,"epoch":4}