{"_runtime":128.989738,"_step":10,"epoch":9,"train_loss":0.9000701463748062,"val_accuracy":0.0975,"_timestamp":1.7420635171018903e+09,"test_accuracy":0.1,"_wandb":{"runtime":129}}