{"_runtime":32.3768737,"test_accuracy":0.8461,"_wandb":{"runtime":32},"_step":5,"epoch":4,"train_loss":4.311400454515754,"val_accuracy":0.8584,"_timestamp":1.7420548578585742e+09}