{"_timestamp":1.7420584644579802e+09,"_runtime":46.3342453,"_step":10,"test_accuracy":0.1,"_wandb":{"runtime":46},"epoch":9,"train_loss":2.3038419008809448,"val_accuracy":0.1033}