{"_wandb":{"runtime":52},"epoch":4,"train_loss":0.9012939327135554,"val_accuracy":0.1013,"_timestamp":1.7420549585734398e+09,"_runtime":52.3201133,"_step":5,"test_accuracy":0.1}