{"_wandb":{"runtime":22},"train_loss":2.302751583246769,"val_accuracy":0.1006,"_timestamp":1.7420515338209784e+09,"_runtime":22.3105055,"_step":5,"epoch":4,"test_accuracy":0.1}