{"test_accuracy":0.8123,"_wandb":{"runtime":902},"epoch":49,"_step":51,"train_loss":0.5165644950315995,"_runtime":901.9948312,"val_accuracy":0.8247,"unique_labels_plot":{"_type":"image-file","sha256":"fa05a78e7e3a27ff8b7b097969cb762a26dac1687659b1fa2acea821b0441d92","size":30384,"path":"media/images/unique_labels_plot_51_fa05a78e7e3a27ff8b7b.png","format":"png","width":400,"height":200},"_timestamp":1.740933167149226e+09}