{"_runtime":21.0925489,"_step":5,"test_accuracy":0.5302,"_wandb":{"runtime":21},"epoch":4,"train_loss":0.4591650857082972,"val_accuracy":0.5456,"_timestamp":1.742052306847112e+09}