{"_runtime":87.0031847,"_step":10,"epoch":9,"train_loss":0.900911062189095,"test_accuracy":0.1,"_wandb":{"runtime":87},"val_accuracy":0.098,"_timestamp":1.7420539326056883e+09}