{"test_accuracy":0.1,"_wandb":{"runtime":50},"epoch":9,"train_loss":2.3093162723591996,"val_accuracy":0.101,"_timestamp":1.7420578744072752e+09,"_runtime":50.4525771,"_step":10}