{"_step":5,"epoch":4,"train_loss":1.6793726422571456,"val_accuracy":0.1657,"test_accuracy":0.1616,"_wandb":{"runtime":60},"_timestamp":1.7420492101085005e+09,"_runtime":60.5806521}