{"_step":10,"test_accuracy":0.5241,"_wandb":{"runtime":110},"epoch":9,"train_loss":17.564692541774008,"val_accuracy":0.5271,"_timestamp":1.7420532875128577e+09,"_runtime":110.5900498}