{"_step":5,"test_accuracy":0.1748,"_wandb":{"runtime":29},"epoch":4,"train_loss":35.340450149643296,"val_accuracy":0.1739,"_timestamp":1.7420542039751515e+09,"_runtime":29.8365206}