{"_step":5,"epoch":4,"test_accuracy":0.1,"_wandb":{"runtime":86},"train_loss":2.3147470473879115,"val_accuracy":0.1024,"_timestamp":1.7420494490305336e+09,"_runtime":86.8906013}