{"test_accuracy":0.1,"_wandb":{"runtime":45},"epoch":4,"train_loss":0.9000560422697576,"val_accuracy":0.098,"_timestamp":1.742055316868654e+09,"_runtime":45.1420695,"_step":5}