{"test_accuracy":0.1,"_wandb":{"runtime":44},"train_loss":0.9000052215215625,"val_accuracy":0.099,"_timestamp":1.7420588286338851e+09,"_runtime":44.774775,"_step":5,"epoch":4}