{"val_accuracy":0.1729,"_timestamp":1.742058411617237e+09,"_runtime":31.6125611,"_step":5,"epoch":4,"test_accuracy":0.1735,"_wandb":{"runtime":31},"train_loss":9.209970881163942}