{"epoch":4,"train_loss":2.302708347896177,"val_accuracy":0.0949,"_timestamp":1.742050141415599e+09,"_runtime":47.7322213,"_step":5,"test_accuracy":0.1,"_wandb":{"runtime":47}}