{"epoch":9,"test_accuracy":0.3003,"_wandb":{"runtime":57},"train_loss":0.884696528549372,"val_accuracy":0.3061,"_timestamp":1.7420508665934231e+09,"_runtime":57.1209281,"_step":10}