{"_wandb":{"runtime":29},"epoch":9,"train_loss":2.3026786351715023,"val_accuracy":0.0975,"_timestamp":1.7420600108820744e+09,"_runtime":29.1935626,"_step":10,"test_accuracy":0.1}