{"_runtime":18.1348838,"test_accuracy":0.1,"_wandb":{"runtime":18},"_step":5,"epoch":4,"train_loss":2.3026225724046774,"val_accuracy":0.099,"_timestamp":1.742050731516835e+09}