{"_wandb":{"runtime":24},"_runtime":24.6570232,"_step":10,"epoch":9,"train_loss":2.3026410578634766,"val_accuracy":0.0949,"_timestamp":1.7420626555866094e+09,"test_accuracy":0.1}