{"_runtime":24.5912911,"_step":10,"test_accuracy":0.1,"_wandb":{"runtime":24},"epoch":9,"train_loss":2.3027074717771843,"val_accuracy":0.0975,"_timestamp":1.7420496198374453e+09}