{"_runtime":23.2598159,"_step":5,"test_accuracy":0.1,"_wandb":{"runtime":23},"epoch":4,"train_loss":1.230720844549559,"val_accuracy":0.101,"_timestamp":1.7420509552418199e+09}