{"_step":10,"epoch":9,"test_accuracy":0.8598,"_wandb":{"runtime":68},"train_loss":0.4544814980224982,"val_accuracy":0.868,"_timestamp":1.7420612052229533e+09,"_runtime":68.4515626}