{"epoch":9,"train_loss":0.9016813289372051,"test_accuracy":0.1,"_wandb":{"runtime":121},"val_accuracy":0.0949,"_timestamp":1.7420633603747342e+09,"_runtime":121.7171468,"_step":10}