{"_runtime":2524.9822919,"_step":89,"test_accuracy":0.536,"_wandb":{"runtime":2527},"epoch":1,"train_loss":0.41038222298988963,"val_accuracy":0.5517,"_timestamp":1.7420426098259513e+09}