{"epoch":4,"train_loss":2.3026344759803563,"val_accuracy":0.099,"_timestamp":1.7420487124174597e+09,"_runtime":18.7377935,"test_accuracy":0.1,"_wandb":{"runtime":18},"_step":5}