{"_wandb":{"runtime":44},"epoch":4,"train_loss":0.3784093686552415,"val_accuracy":0.4997,"_timestamp":1.7420563281955729e+09,"_runtime":44.0797424,"_step":5,"test_accuracy":0.49}