{"_timestamp":1.7420582846842246e+09,"_runtime":27.8870449,"test_accuracy":0.1,"_wandb":{"runtime":27},"_step":5,"epoch":4,"train_loss":94.88731039032402,"val_accuracy":0.1006}