{"val_accuracy":0.516,"test_accuracy":0.5198,"_wandb":{"runtime":56},"_timestamp":1.742061997131982e+09,"_runtime":56.6670259,"_step":10,"epoch":9,"train_loss":1.4359889023413632}