{"val_accuracy":0.0949,"_timestamp":1.7420534199536e+09,"_runtime":19.5082029,"_step":5,"epoch":4,"test_accuracy":0.0936,"_wandb":{"runtime":19},"train_loss":2.3503891849979746}