{"_runtime":56.4513269,"_step":10,"test_accuracy":0.1,"_wandb":{"runtime":56},"epoch":9,"train_loss":0.9000008670526292,"val_accuracy":0.0949,"_timestamp":1.742049322879352e+09}