{"val_accuracy":0.098,"_timestamp":1.7420492613761365e+09,"_runtime":38.5472376,"_step":5,"test_accuracy":0.1,"_wandb":{"runtime":38},"epoch":4,"train_loss":2.302684103663008}