{"_runtime":91.4946776,"_step":5,"epoch":4,"test_accuracy":0.1,"_wandb":{"runtime":91},"train_loss":0.9364427410907651,"val_accuracy":0.0949,"_timestamp":1.74204839135746e+09}