{"val_accuracy":0.242,"_timestamp":1.7420604566272228e+09,"_runtime":68.987956,"_step":10,"epoch":9,"train_loss":34.66047553965258,"test_accuracy":0.2366,"_wandb":{"runtime":69}}