{"test_accuracy":0.8614,"_wandb":{"runtime":103},"epoch":9,"train_loss":0.16891277203018124,"val_accuracy":0.8755,"_timestamp":1.7420489347645283e+09,"_runtime":103.7227753,"_step":10}