{"_wandb":{"runtime":23},"_step":5,"epoch":4,"train_loss":1.7991883643095408,"val_accuracy":0.098,"_timestamp":1.7420572324640682e+09,"_runtime":23.0262557,"test_accuracy":0.1001}