{"_wandb":{"runtime":37},"epoch":9,"train_loss":0.2732000210776501,"val_accuracy":0.8773,"_timestamp":1.7420530930531354e+09,"_runtime":37.9100359,"_step":10,"test_accuracy":0.8717}