{"train_loss":9.116734469919322,"val_accuracy":0.2887,"_timestamp":1.7420592752493815e+09,"test_accuracy":0.2859,"_wandb":{"runtime":33},"_runtime":33.4570759,"_step":10,"epoch":9}