{"_timestamp":1.7420610944498937e+09,"_runtime":28.3515412,"_step":5,"epoch":4,"test_accuracy":0.1,"_wandb":{"runtime":28},"train_loss":2.3030952749366653,"val_accuracy":0.1006}