{"_step":10,"epoch":9,"test_accuracy":0.8707,"_wandb":{"runtime":127},"train_loss":0.40442792707855174,"val_accuracy":0.8772,"_timestamp":1.7416295925384047e+09,"_runtime":127.0607511}