{"_timestamp":1.7420485827216954e+09,"_runtime":43.7080038,"_step":5,"epoch":4,"train_loss":0.9514971869474319,"test_accuracy":0.8468,"_wandb":{"runtime":43},"val_accuracy":0.851}