{"_runtime":77.3055283,"_step":10,"test_accuracy":0.3214,"_wandb":{"runtime":77},"epoch":9,"train_loss":1.1926283925053136,"val_accuracy":0.3239,"_timestamp":1.7420543676066883e+09}