{"_step":10,"epoch":9,"train_loss":2.3070138621990326,"val_accuracy":0.0949,"test_accuracy":0.1,"_wandb":{"runtime":98},"_timestamp":1.7420594778439405e+09,"_runtime":98.5644806}