{"_wandb":{"runtime":46},"_timestamp":1.7420536080800965e+09,"_runtime":45.9278772,"_step":10,"epoch":9,"train_loss":2.3026060179452466,"val_accuracy":0.0975,"test_accuracy":0.1}