{"_timestamp":1.74205408317969e+09,"_runtime":72.7199477,"_step":10,"epoch":9,"test_accuracy":0.1,"_wandb":{"runtime":72},"train_loss":0.9008170701107154,"val_accuracy":0.101}