{"_runtime":157.3900293,"_step":10,"epoch":9,"train_loss":0.9024460746090683,"val_accuracy":0.0949,"test_accuracy":0.1,"_wandb":{"runtime":157},"_timestamp":1.7420498624854584e+09}