{"train_loss":3.459805805464492,"val_accuracy":0.7741,"test_accuracy":0.7638,"_wandb":{"runtime":43},"_timestamp":1.742049590676114e+09,"_runtime":43.2820729,"_step":10,"epoch":9}