{"_step":5,"test_accuracy":0.1,"_wandb":{"runtime":13},"epoch":4,"train_loss":2.302971317104269,"val_accuracy":0.1013,"_timestamp":1.74206237879859e+09,"_runtime":12.9227392}