{"_wandb":{"runtime":23},"train_loss":0.8877119118820346,"val_accuracy":0.1963,"_timestamp":1.7420571366825402e+09,"_runtime":23.1175897,"_step":5,"epoch":4,"test_accuracy":0.1939}