{"test_accuracy":0.1,"_wandb":{"runtime":46},"_timestamp":1.7420580576704712e+09,"_runtime":46.7032477,"_step":10,"epoch":9,"train_loss":2.370212868562698,"val_accuracy":0.0975}