{"test_accuracy":0.7947,"_wandb":{"runtime":59},"epoch":9,"train_loss":3.8539039264124555,"val_accuracy":0.8062,"_timestamp":1.7420626261500525e+09,"_runtime":59.2989707,"_step":10}