{"_step":5,"test_accuracy":0.8629,"_wandb":{"runtime":44},"epoch":4,"train_loss":0.332837028554803,"val_accuracy":0.8656,"_timestamp":1.7420542566880095e+09,"_runtime":43.9483806}