{"_runtime":37.0438002,"_step":5,"test_accuracy":0.7376,"_wandb":{"runtime":37},"epoch":4,"train_loss":4.864107200857657,"val_accuracy":0.7476,"_timestamp":1.7420495416716752e+09}