{"val_accuracy":0.101,"_timestamp":1.742054529978762e+09,"_runtime":20.3737629,"_step":5,"test_accuracy":0.1,"_wandb":{"runtime":20},"epoch":4,"train_loss":1.2320880362182265}