{"epoch":9,"test_accuracy":0.1,"_wandb":{"runtime":148},"train_loss":2.302599419701971,"val_accuracy":0.0949,"_timestamp":1.7420506420752754e+09,"_runtime":148.8839843,"_step":10}