{"_runtime":108.9356002,"_step":10,"epoch":9,"train_loss":0.9778766578927869,"test_accuracy":0.2711,"_wandb":{"runtime":109},"val_accuracy":0.2708,"_timestamp":1.7420571045815094e+09}