{"val_accuracy":0.8602,"_timestamp":1.7420544542081022e+09,"_runtime":78.7530578,"test_accuracy":0.8481,"_wandb":{"runtime":78},"_step":10,"epoch":9,"train_loss":0.34792679474545424}