{"epoch":9,"test_accuracy":0.5362,"_wandb":{"runtime":55},"train_loss":1.5914080848528536,"val_accuracy":0.5486,"_timestamp":1.7420529938778596e+09,"_runtime":55.3796806,"_step":10}