{"train_loss":5.08204823717408,"val_accuracy":0.0949,"_timestamp":1.7420572849535873e+09,"_runtime":40.0359235,"_step":10,"epoch":9,"test_accuracy":0.1,"_wandb":{"runtime":40}}