{"val_accuracy":0.8671,"_timestamp":1.7420569870893176e+09,"_runtime":135.5673688,"_step":5,"epoch":4,"train_loss":0.43980885666653724,"test_accuracy":0.8624,"_wandb":{"runtime":135}}