{"test_accuracy":0.1,"_wandb":{"runtime":122},"_timestamp":1.742060142259235e+09,"_runtime":122.3398275,"_step":10,"epoch":9,"train_loss":2.3025919403981923,"val_accuracy":0.0949}