{"_step":5,"test_accuracy":0.0962,"_wandb":{"runtime":21},"epoch":4,"train_loss":8.835277890754451,"val_accuracy":0.0987,"_timestamp":1.742053395330533e+09,"_runtime":21.3121275}