{"_timestamp":1.7420564316038413e+09,"_runtime":90.7717184,"test_accuracy":0.8574,"_wandb":{"runtime":90},"_step":10,"epoch":9,"train_loss":0.24334410169770915,"val_accuracy":0.8645}