{"_timestamp":1.742054687506417e+09,"_runtime":81.725416,"_step":10,"epoch":9,"train_loss":0.4992233568247109,"val_accuracy":0.8524,"test_accuracy":0.8456,"_wandb":{"runtime":81}}