{"test_accuracy":0.1806,"_wandb":{"runtime":112},"_runtime":112.7685358,"_step":10,"epoch":9,"train_loss":1.6511926050713137,"val_accuracy":0.1791,"_timestamp":1.7420491095724065e+09}