{"test_accuracy":0.309,"_wandb":{"runtime":67},"_timestamp":1.7420511712412326e+09,"_runtime":67.7651645,"_step":10,"epoch":9,"train_loss":2.2771934667844222,"val_accuracy":0.3076}