{"_runtime":36.6040303,"_step":10,"epoch":9,"train_loss":0.7557581094816905,"test_accuracy":0.4253,"_wandb":{"runtime":36},"val_accuracy":0.4287,"_timestamp":1.7420590314295797e+09}