{"_step":5,"test_accuracy":0.1,"_wandb":{"runtime":29},"epoch":4,"train_loss":2.4338523804059187,"val_accuracy":0.0949,"_timestamp":1.7420576414361448e+09,"_runtime":29.3733999}