{"_step":5,"epoch":4,"test_accuracy":0.1,"_wandb":{"runtime":55},"train_loss":2.311251149822663,"val_accuracy":0.1024,"_timestamp":1.7420612662621238e+09,"_runtime":55.3146407}