{"_timestamp":1.7420618801883066e+09,"_runtime":60.9139501,"_step":5,"test_accuracy":0.1,"_wandb":{"runtime":60},"epoch":4,"train_loss":1.799,"val_accuracy":0.0975}