{"_step":5,"test_accuracy":0.8579,"_wandb":{"runtime":100},"epoch":4,"train_loss":0.17894532670884597,"val_accuracy":0.8678,"_timestamp":1.7420525979030647e+09,"_runtime":100.1463891}