{"test_accuracy":0.1,"_wandb":{"runtime":41},"_timestamp":1.742054502477103e+09,"_runtime":41.5339951,"_step":5,"epoch":4,"train_loss":0.9000944809133099,"val_accuracy":0.099}