{"_timestamp":1.7420551490252185e+09,"_runtime":54.2255715,"_step":5,"test_accuracy":0.1,"_wandb":{"runtime":54},"epoch":4,"train_loss":0.9000482953824088,"val_accuracy":0.099}