{"val_accuracy":0.2867,"test_accuracy":0.277,"_wandb":{"runtime":65},"_timestamp":1.7420632253376005e+09,"_runtime":65.4855878,"_step":5,"epoch":4,"train_loss":34.342014253932234}