{"train_loss":0.9018729080651302,"val_accuracy":0.099,"test_accuracy":0.1,"_wandb":{"runtime":25},"_timestamp":1.7420536778612452e+09,"_runtime":25.8245174,"_step":5,"epoch":4}