{"_timestamp":1.7420597234710865e+09,"_runtime":57.6313795,"_step":5,"epoch":4,"train_loss":1.80050383877148,"test_accuracy":0.1,"_wandb":{"runtime":57},"val_accuracy":0.1013}