{"_wandb":{"runtime":82},"epoch":9,"train_loss":0.18290592809744483,"val_accuracy":0.8637,"_timestamp":1.742056842928862e+09,"_runtime":81.8642058,"_step":10,"test_accuracy":0.8573}