{"test_accuracy":0.1,"_wandb":{"runtime":49},"train_loss":12.190993797516946,"val_accuracy":0.0975,"_timestamp":1.7420528923423295e+09,"_runtime":49.5437575,"_step":5,"epoch":4}