{"_timestamp":1.742057764643094e+09,"_runtime":115.5316766,"test_accuracy":0.7926,"_wandb":{"runtime":115},"_step":10,"epoch":9,"train_loss":0.2731551181587667,"val_accuracy":0.8035}