{"test_accuracy":0.8604,"_wandb":{"runtime":205},"epoch":9,"train_loss":0.23267786688301254,"val_accuracy":0.8699,"_timestamp":1.7420503517398326e+09,"_runtime":205.2433579,"_step":10}