{"_step":10,"epoch":9,"test_accuracy":0.1,"_wandb":{"runtime":51},"train_loss":0.9018094990147586,"val_accuracy":0.1033,"_timestamp":1.742060208788162e+09,"_runtime":51.3045124}