{"_timestamp":1.742048687308111e+09,"_runtime":101.0854196,"_step":10,"test_accuracy":0.8301,"_wandb":{"runtime":101},"epoch":9,"train_loss":0.2326337675743582,"val_accuracy":0.8367}