{"_step":10,"epoch":9,"train_loss":42.81757236933876,"val_accuracy":0.1437,"test_accuracy":0.1359,"_wandb":{"runtime":143},"_timestamp":1.7420618133238828e+09,"_runtime":143.6542694}