{"_step":10,"epoch":9,"train_loss":0.9000060252210318,"val_accuracy":0.098,"test_accuracy":0.1,"_wandb":{"runtime":101},"_timestamp":1.742060566424455e+09,"_runtime":101.3736848}