{"test_accuracy":0.1001,"_wandb":{"runtime":73},"epoch":9,"train_loss":1.7989443378118999,"val_accuracy":0.0982,"_timestamp":1.7420485321771553e+09,"_runtime":73.6778519,"_step":10}