{"test_accuracy":0.3361,"_wandb":{"runtime":47},"epoch":9,"train_loss":2.2902260997521324,"val_accuracy":0.3364,"_timestamp":1.7420578183373058e+09,"_runtime":47.5151088,"_step":10}