{"_wandb":{"runtime":32},"train_loss":0.9080119164705511,"val_accuracy":0.099,"_timestamp":1.7420499820557966e+09,"_runtime":32.2072613,"_step":5,"epoch":4,"test_accuracy":0.1}