{"train_loss":6.704508871790452,"test_accuracy":0.1,"_wandb":{"runtime":36},"val_accuracy":0.0949,"_timestamp":1.7420623592480025e+09,"_runtime":36.1960101,"_step":10,"epoch":9}