{"test_accuracy":0.1,"_wandb":{"runtime":89},"epoch":9,"train_loss":2.3025931475425585,"val_accuracy":0.0949,"_timestamp":1.7420614018150344e+09,"_runtime":89.5818068,"_step":10}