{"test_accuracy":0.8482,"_wandb":{"runtime":50},"epoch":9,"train_loss":0.23709325219525643,"val_accuracy":0.853,"_timestamp":1.7420484460015125e+09,"_runtime":50.1558041,"_step":10}