{"_timestamp":1.7420527062829924e+09,"_runtime":102.6085618,"_step":5,"epoch":4,"test_accuracy":0.1,"_wandb":{"runtime":102},"train_loss":0.9000660615503289,"val_accuracy":0.0975}