{"_step":10,"epoch":9,"train_loss":4866.243583201149,"test_accuracy":0.1371,"_wandb":{"runtime":52},"val_accuracy":0.1404,"_timestamp":1.7420509259284928e+09,"_runtime":52.4703065}