{"_runtime":80.235666,"_step":10,"epoch":9,"test_accuracy":0.1,"_wandb":{"runtime":80},"train_loss":1.799224248240563,"val_accuracy":0.098,"_timestamp":1.7420591730167797e+09}