{"_timestamp":1.7420596557526436e+09,"_runtime":34.571507,"_step":5,"test_accuracy":0.1,"_wandb":{"runtime":34},"epoch":4,"train_loss":1.7987843889955215,"val_accuracy":0.0974}