{"train_loss":8.643021266887407,"val_accuracy":0.102,"test_accuracy":0.1,"_wandb":{"runtime":29},"_timestamp":1.7420533226961296e+09,"_runtime":29.307893,"_step":5,"epoch":4}