{"val_accuracy":0.0949,"_timestamp":1.7420520032257817e+09,"_runtime":109.7733703,"_step":10,"test_accuracy":0.1,"_wandb":{"runtime":109},"epoch":9,"train_loss":0.9005653703174311}