{"_runtime":71.4800829,"_step":5,"test_accuracy":0.2858,"_wandb":{"runtime":71},"epoch":4,"train_loss":1.335408826498415,"val_accuracy":0.2922,"_timestamp":1.7420586304826436e+09}