{"test_accuracy":0.1,"_wandb":{"runtime":25},"train_loss":2.304807983866721,"val_accuracy":0.1024,"_timestamp":1.7420558551013114e+09,"_runtime":25.8141929,"_step":5,"epoch":4}