{"val_accuracy":0.0949,"_timestamp":1.7420587203733912e+09,"_runtime":77.0450536,"_step":5,"epoch":4,"test_accuracy":0.1,"_wandb":{"runtime":77},"train_loss":1.6904145827003658e+97}