{"val_accuracy":0.8816,"test_accuracy":0.8709,"_wandb":{"runtime":70},"_timestamp":1.7420527859886622e+09,"_runtime":70.7818343,"_step":10,"epoch":9,"train_loss":0.14241933184100455}