{"_step":10,"test_accuracy":0.8624,"_wandb":{"runtime":78},"epoch":9,"train_loss":0.16939197353335889,"val_accuracy":0.8716,"_timestamp":1.7420535523506205e+09,"_runtime":78.3091933}