{"_timestamp":1.74204824458719e+09,"_runtime":78.2576795,"test_accuracy":0.6545,"_wandb":{"runtime":78},"_step":10,"epoch":9,"train_loss":15.055667453272745,"val_accuracy":0.661}