{"val_accuracy":0.1961,"_timestamp":1.7420552633313954e+09,"test_accuracy":0.1975,"_wandb":{"runtime":34},"_runtime":34.1707529,"_step":5,"epoch":4,"train_loss":39.746676610801885}