{"val_accuracy":0.1452,"_timestamp":1.7420487679804878e+09,"test_accuracy":0.1378,"_wandb":{"runtime":47},"_runtime":47.9128387,"_step":5,"epoch":4,"train_loss":4441.398284078006}