{"_wandb":{"runtime":78},"epoch":4,"train_loss":39.097340117851935,"val_accuracy":0.0978,"_timestamp":1.7420554932859104e+09,"_runtime":78.7062171,"_step":5,"test_accuracy":0.1001}