{"test_accuracy":0.1,"_wandb":{"runtime":43},"epoch":4,"train_loss":0.9000324553460987,"val_accuracy":0.099,"_timestamp":1.7420625311734989e+09,"_runtime":43.7975096,"_step":5}